Source,Target,Weight,Type
AOV_13,AOV_174,2,undirected
AOV_13,AOV_9,3,undirected
AOV_13,PBH_169,1,undirected
AOV_15,PBH_158,1,undirected
AOV_15,PBH_165,3,undirected
AOV_15,PBH_170,2,undirected
AOV_15,unknown_42,1,undirected
AOV_153,AOV_160,1,undirected
AOV_153,AOV_44,2,undirected
AOV_153,AOV_6,3,undirected
AOV_160,AOV_153,1,undirected
AOV_160,AOV_174,2,undirected
AOV_160,AOV_44,3,undirected
AOV_160,AOV_86,1,undirected
AOV_160,unknown_56,3,undirected
AOV_168,AOV_174,3,undirected
AOV_168,AOV_187,1,undirected
AOV_168,AOV_44,2,undirected
AOV_174,AOV_13,2,undirected
AOV_174,AOV_160,2,undirected
AOV_174,AOV_168,3,undirected
AOV_174,AOV_178,3,undirected
AOV_174,AOV_185,1,undirected
AOV_174,AOV_53,1,undirected
AOV_174,AOV_9,1,undirected
AOV_174,PBH_134,3,undirected
AOV_174,PBH_17,2,undirected
AOV_174,unknown_10,1,undirected
AOV_178,AOV_174,3,undirected
AOV_178,PBH_22,1,undirected
AOV_178,PBH_38,2,undirected
AOV_185,AOV_174,1,undirected
AOV_185,AOV_187,6,undirected
AOV_185,AOV_23,2,undirected
AOV_185,AOV_49,1,undirected
AOV_185,AOV_86,2,undirected
AOV_185,AOV_92,4,undirected
AOV_185,HISe_99,3,undirected
AOV_185,PBH_93,2,undirected
AOV_185,unknown_10,2,undirected
AOV_187,AOV_168,1,undirected
AOV_187,AOV_185,6,undirected
AOV_187,AOV_86,1,undirected
AOV_187,PBH_17,2,undirected
AOV_19,AOV_23,2,undirected
AOV_19,AOV_39,6,undirected
AOV_19,AOV_49,1,undirected
AOV_2,AOV_44,3,undirected
AOV_2,AOV_49,2,undirected
AOV_2,AOV_70,1,undirected
AOV_20,AOV_44,3,undirected
AOV_20,AOV_86,2,undirected
AOV_20,PBH_81,1,undirected
AOV_20,PBH_93,3,undirected
AOV_23,AOV_185,2,undirected
AOV_23,AOV_19,2,undirected
AOV_23,AOV_70,3,undirected
AOV_23,AOV_86,1,undirected
AOV_23,PBH_17,3,undirected
AOV_24,AOV_49,2,undirected
AOV_24,AOV_59,3,undirected
AOV_24,AOV_92,1,undirected
AOV_25,HISe_127,3,undirected
AOV_25,HISe_155,1,undirected
AOV_25,PBH_161,2,undirected
AOV_25,PBH_81,3,undirected
AOV_32,AOV_39,3,undirected
AOV_32,AOV_44,1,undirected
AOV_32,AOV_6,2,undirected
AOV_35,AOV_49,4,undirected
AOV_35,AOV_70,2,undirected
AOV_35,AOV_86,3,undirected
AOV_35,PBH_80,1,undirected
AOV_39,AOV_19,6,undirected
AOV_39,AOV_32,3,undirected
AOV_39,AOV_44,2,undirected
AOV_39,AOV_53,3,undirected
AOV_39,AOV_59,3,undirected
AOV_39,AOV_6,1,undirected
AOV_39,AOV_64,3,undirected
AOV_39,AOV_86,2,undirected
AOV_39,AOV_9,4,undirected
AOV_39,HISe_119,1,undirected
AOV_44,AOV_153,2,undirected
AOV_44,AOV_160,3,undirected
AOV_44,AOV_168,2,undirected
AOV_44,AOV_2,3,undirected
AOV_44,AOV_20,3,undirected
AOV_44,AOV_32,1,undirected
AOV_44,AOV_39,2,undirected
AOV_44,AOV_47,2,undirected
AOV_44,AOV_49,1,undirected
AOV_44,AOV_6,6,undirected
AOV_44,AOV_64,1,undirected
AOV_44,HISe_172,1,undirected
AOV_44,HISe_94,3,undirected
AOV_44,unknown_56,1,undirected
AOV_44,unknown_67,1,undirected
AOV_47,AOV_44,2,undirected
AOV_47,AOV_86,1,undirected
AOV_47,PBH_17,3,undirected
AOV_47,unknown_173,3,undirected
AOV_49,AOV_185,1,undirected
AOV_49,AOV_19,1,undirected
AOV_49,AOV_2,2,undirected
AOV_49,AOV_24,2,undirected
AOV_49,AOV_35,4,undirected
AOV_49,AOV_44,1,undirected
AOV_49,AOV_6,2,undirected
AOV_49,AOV_86,5,undirected
AOV_49,PBH_131,2,undirected
AOV_49,PBH_169,1,undirected
AOV_53,AOV_174,1,undirected
AOV_53,AOV_39,3,undirected
AOV_53,PBH_132,2,undirected
AOV_59,AOV_24,3,undirected
AOV_59,AOV_39,3,undirected
AOV_59,AOV_64,2,undirected
AOV_59,AOV_86,2,undirected
AOV_59,PBH_188,1,undirected
AOV_6,AOV_153,3,undirected
AOV_6,AOV_32,2,undirected
AOV_6,AOV_39,1,undirected
AOV_6,AOV_44,6,undirected
AOV_6,AOV_49,2,undirected
AOV_6,PBH_147,2,undirected
AOV_6,PBH_93,1,undirected
AOV_64,AOV_39,3,undirected
AOV_64,AOV_44,1,undirected
AOV_64,AOV_59,2,undirected
AOV_70,AOV_2,1,undirected
AOV_70,AOV_23,3,undirected
AOV_70,AOV_35,2,undirected
AOV_70,HISe_12,2,undirected
AOV_70,HISe_7,1,undirected
AOV_70,HISe_74,1,undirected
AOV_70,HISe_87,3,undirected
AOV_70,PBH_17,1,undirected
AOV_70,unknown_30,3,undirected
AOV_86,AOV_160,1,undirected
AOV_86,AOV_185,2,undirected
AOV_86,AOV_187,1,undirected
AOV_86,AOV_20,2,undirected
AOV_86,AOV_23,1,undirected
AOV_86,AOV_35,3,undirected
AOV_86,AOV_39,2,undirected
AOV_86,AOV_47,1,undirected
AOV_86,AOV_49,5,undirected
AOV_86,AOV_59,2,undirected
AOV_86,AOV_9,2,undirected
AOV_86,AOV_92,2,undirected
AOV_86,PBH_134,4,undirected
AOV_86,PBH_135,1,undirected
AOV_86,PBH_141,2,undirected
AOV_86,PBH_147,1,undirected
AOV_86,PBH_152,1,undirected
AOV_86,PBH_169,2,undirected
AOV_86,PBH_17,5,undirected
AOV_86,PBH_66,3,undirected
AOV_86,unknown_112,1,undirected
AOV_9,AOV_13,3,undirected
AOV_9,AOV_174,1,undirected
AOV_9,AOV_39,4,undirected
AOV_9,AOV_86,2,undirected
AOV_9,HISe_102,1,undirected
AOV_92,AOV_185,4,undirected
AOV_92,AOV_24,1,undirected
AOV_92,AOV_86,2,undirected
AOV_92,PBH_17,1,undirected
AOV_92,unknown_113,3,undirected
HISe_102,AOV_9,1,undirected
HISe_102,PBH_17,2,undirected
HISe_102,PBH_188,3,undirected
HISe_110,HISe_65,4,undirected
HISe_110,HISe_78,3,undirected
HISe_110,PBH_81,1,undirected
HISe_114,HISe_155,2,undirected
HISe_114,HISe_8,2,undirected
HISe_114,PBH_11,3,undirected
HISe_114,PBH_57,1,undirected
HISe_114,unknown_46,2,undirected
HISe_115,HISe_136,1,undirected
HISe_115,PBH_151,2,undirected
HISe_115,PBH_181,3,undirected
HISe_115,PBH_28,3,undirected
HISe_115,unknown_79,3,undirected
HISe_118,PBH_1,1,undirected
HISe_118,PBH_132,3,undirected
HISe_118,PBH_17,2,undirected
HISe_119,AOV_39,1,undirected
HISe_119,HISe_125,2,undirected
HISe_119,HISe_78,3,undirected
HISe_12,AOV_70,2,undirected
HISe_12,PBH_165,1,undirected
HISe_12,PBH_186,3,undirected
HISe_12,unknown_58,1,undirected
HISe_120,PBH_107,1,undirected
HISe_120,PBH_188,3,undirected
HISe_120,PBH_71,2,undirected
HISe_120,unknown_111,3,undirected
HISe_125,HISe_119,2,undirected
HISe_125,PBH_1,3,undirected
HISe_125,PBH_132,1,undirected
HISe_125,PBH_17,2,undirected
HISe_125,unknown_16,2,undirected
HISe_127,AOV_25,3,undirected
HISe_127,HISe_129,1,undirected
HISe_127,unknown_101,2,undirected
HISe_128,PBH_135,2,undirected
HISe_128,PBH_144,3,undirected
HISe_128,PBH_89,1,undirected
HISe_129,HISe_127,1,undirected
HISe_129,HISe_78,3,undirected
HISe_129,PBH_158,1,undirected
HISe_129,PBH_186,2,undirected
HISe_130,HISe_155,2,undirected
HISe_130,HISe_164,3,undirected
HISe_130,PBH_188,1,undirected
HISe_136,HISe_115,1,undirected
HISe_136,HISe_139,2,undirected
HISe_136,HISe_145,3,undirected
HISe_136,HISe_18,3,undirected
HISe_136,HISe_40,3,undirected
HISe_136,HISe_83,2,undirected
HISe_136,HISe_87,2,undirected
HISe_136,PBH_154,1,undirected
HISe_136,PBH_165,3,undirected
HISe_136,PBH_176,2,undirected
HISe_136,unknown_84,2,undirected
HISe_139,HISe_136,2,undirected
HISe_139,HISe_145,5,undirected
HISe_139,PBH_165,1,undirected
HISe_140,HISe_164,1,undirected
HISe_140,HISe_78,3,undirected
HISe_140,PBH_81,2,undirected
HISe_140,unknown_111,2,undirected
HISe_145,HISe_136,3,undirected
HISe_145,HISe_139,5,undirected
HISe_145,PBH_154,1,undirected
HISe_150,HISe_155,2,undirected
HISe_150,HISe_159,3,undirected
HISe_150,HISe_164,5,undirected
HISe_150,PBH_96,1,undirected
HISe_150,unknown_189,2,undirected
HISe_155,AOV_25,1,undirected
HISe_155,HISe_114,2,undirected
HISe_155,HISe_130,2,undirected
HISe_155,HISe_150,2,undirected
HISe_155,HISe_163,1,undirected
HISe_155,HISe_164,3,undirected
HISe_155,HISe_78,3,undirected
HISe_155,HISe_8,1,undirected
HISe_155,PBH_117,3,undirected
HISe_155,PBH_131,1,undirected
HISe_155,PBH_132,1,undirected
HISe_155,PBH_175,1,undirected
HISe_155,PBH_81,5,undirected
HISe_155,unknown_167,2,undirected
HISe_159,HISe_150,3,undirected
HISe_159,HISe_164,2,undirected
HISe_159,PBH_107,1,undirected
HISe_159,unknown_189,3,undirected
HISe_163,HISe_155,1,undirected
HISe_163,HISe_164,2,undirected
HISe_163,unknown_167,3,undirected
HISe_163,unknown_173,1,undirected
HISe_164,HISe_130,3,undirected
HISe_164,HISe_140,1,undirected
HISe_164,HISe_150,5,undirected
HISe_164,HISe_155,3,undirected
HISe_164,HISe_159,2,undirected
HISe_164,HISe_163,2,undirected
HISe_164,PBH_104,2,undirected
HISe_164,PBH_156,3,undirected
HISe_164,PBH_45,1,undirected
HISe_164,PBH_85,6,undirected
HISe_164,PBH_91,1,undirected
HISe_164,unknown_146,3,undirected
HISe_164,unknown_167,3,undirected
HISe_172,AOV_44,1,undirected
HISe_172,PBH_107,3,undirected
HISe_172,unknown_112,5,undirected
HISe_18,HISe_136,3,undirected
HISe_18,HISe_74,1,undirected
HISe_18,PBH_154,2,undirected
HISe_18,PBH_28,2,undirected
HISe_40,HISe_136,3,undirected
HISe_40,PBH_165,1,undirected
HISe_40,PBH_170,2,undirected
HISe_40,unknown_84,3,undirected
HISe_50,PBH_151,3,undirected
HISe_50,PBH_154,1,undirected
HISe_50,PBH_165,2,undirected
HISe_65,HISe_110,4,undirected
HISe_65,HISe_78,1,undirected
HISe_65,PBH_81,3,undirected
HISe_7,AOV_70,1,undirected
HISe_7,PBH_170,3,undirected
HISe_7,PBH_181,2,undirected
HISe_74,AOV_70,1,undirected
HISe_74,HISe_18,1,undirected
HISe_74,PBH_165,2,undirected
HISe_74,PBH_170,3,undirected
HISe_78,HISe_110,3,undirected
HISe_78,HISe_119,3,undirected
HISe_78,HISe_129,3,undirected
HISe_78,HISe_140,3,undirected
HISe_78,HISe_155,3,undirected
HISe_78,HISe_65,1,undirected
HISe_78,HISe_94,1,undirected
HISe_78,PBH_152,3,undirected
HISe_78,PBH_175,2,undirected
HISe_78,PBH_80,2,undirected
HISe_78,unknown_67,2,undirected
HISe_8,HISe_114,2,undirected
HISe_8,HISe_155,1,undirected
HISe_8,PBH_186,3,undirected
HISe_8,unknown_58,3,undirected
HISe_8,unknown_88,3,undirected
HISe_83,HISe_136,2,undirected
HISe_83,PBH_154,1,undirected
HISe_83,PBH_162,3,undirected
HISe_87,AOV_70,3,undirected
HISe_87,HISe_136,2,undirected
HISe_87,PBH_154,1,undirected
HISe_94,AOV_44,3,undirected
HISe_94,HISe_78,1,undirected
HISe_94,PBH_96,2,undirected
HISe_99,AOV_185,3,undirected
HISe_99,PBH_1,2,undirected
HISe_99,PBH_169,1,undirected
PBH_1,HISe_118,1,undirected
PBH_1,HISe_125,3,undirected
PBH_1,HISe_99,2,undirected
PBH_1,PBH_106,3,undirected
PBH_1,PBH_107,3,undirected
PBH_1,PBH_11,4,undirected
PBH_1,PBH_117,2,undirected
PBH_1,PBH_132,1,undirected
PBH_1,PBH_133,2,undirected
PBH_1,PBH_138,3,undirected
PBH_1,PBH_141,1,undirected
PBH_1,PBH_17,6,undirected
PBH_1,PBH_188,1,undirected
PBH_1,PBH_5,1,undirected
PBH_1,unknown_0,1,undirected
PBH_100,PBH_109,4,undirected
PBH_100,PBH_123,5,undirected
PBH_100,PBH_17,2,undirected
PBH_100,PBH_43,1,undirected
PBH_103,PBH_131,3,undirected
PBH_103,PBH_147,3,undirected
PBH_103,PBH_17,1,undirected
PBH_103,PBH_175,3,undirected
PBH_103,PBH_68,2,undirected
PBH_103,PBH_71,2,undirected
PBH_103,PBH_80,4,undirected
PBH_103,PBH_96,5,undirected
PBH_103,unknown_146,2,undirected
PBH_103,unknown_61,3,undirected
PBH_104,HISe_164,2,undirected
PBH_104,PBH_63,1,undirected
PBH_104,PBH_80,3,undirected
PBH_104,PBH_85,1,undirected
PBH_104,unknown_88,2,undirected
PBH_106,PBH_1,3,undirected
PBH_106,PBH_17,1,undirected
PBH_106,PBH_96,2,undirected
PBH_107,HISe_120,1,undirected
PBH_107,HISe_159,1,undirected
PBH_107,HISe_172,3,undirected
PBH_107,PBH_1,3,undirected
PBH_107,PBH_142,2,undirected
PBH_107,PBH_71,1,undirected
PBH_107,PBH_96,4,undirected
PBH_107,unknown_61,1,undirected
PBH_109,PBH_100,4,undirected
PBH_109,PBH_132,2,undirected
PBH_109,PBH_151,1,undirected
PBH_109,PBH_181,2,undirected
PBH_109,PBH_22,1,undirected
PBH_109,unknown_21,2,undirected
PBH_11,HISe_114,3,undirected
PBH_11,PBH_1,4,undirected
PBH_11,PBH_117,1,undirected
PBH_11,PBH_132,5,undirected
PBH_11,PBH_17,1,undirected
PBH_11,PBH_31,2,undirected
PBH_11,PBH_43,2,undirected
PBH_11,PBH_48,1,undirected
PBH_11,PBH_52,2,undirected
PBH_11,PBH_57,1,undirected
PBH_11,unknown_113,1,undirected
PBH_11,unknown_37,3,undirected
PBH_11,unknown_41,2,undirected
PBH_117,HISe_155,3,undirected
PBH_117,PBH_1,2,undirected
PBH_117,PBH_11,1,undirected
PBH_122,PBH_132,3,undirected
PBH_122,PBH_141,3,undirected
PBH_122,PBH_161,1,undirected
PBH_122,PBH_17,1,undirected
PBH_122,PBH_81,5,undirected
PBH_122,unknown_41,1,undirected
PBH_123,PBH_100,5,undirected
PBH_123,PBH_126,2,undirected
PBH_123,PBH_132,6,undirected
PBH_123,PBH_17,1,undirected
PBH_123,PBH_38,1,undirected
PBH_123,PBH_52,1,undirected
PBH_123,unknown_167,1,undirected
PBH_126,PBH_123,2,undirected
PBH_126,PBH_132,3,undirected
PBH_126,PBH_22,2,undirected
PBH_126,PBH_77,1,undirected
PBH_131,AOV_49,2,undirected
PBH_131,HISe_155,1,undirected
PBH_131,PBH_103,3,undirected
PBH_132,AOV_53,2,undirected
PBH_132,HISe_118,3,undirected
PBH_132,HISe_125,1,undirected
PBH_132,HISe_155,1,undirected
PBH_132,PBH_1,1,undirected
PBH_132,PBH_109,2,undirected
PBH_132,PBH_11,5,undirected
PBH_132,PBH_122,3,undirected
PBH_132,PBH_123,6,undirected
PBH_132,PBH_126,3,undirected
PBH_132,PBH_137,1,undirected
PBH_132,PBH_143,2,undirected
PBH_132,PBH_149,2,undirected
PBH_132,PBH_157,2,undirected
PBH_132,PBH_22,2,undirected
PBH_132,PBH_31,3,undirected
PBH_132,PBH_38,3,undirected
PBH_132,PBH_48,2,undirected
PBH_132,PBH_52,3,undirected
PBH_132,unknown_30,1,undirected
PBH_133,PBH_1,2,undirected
PBH_133,PBH_17,3,undirected
PBH_133,PBH_57,1,undirected
PBH_133,unknown_113,2,undirected
PBH_134,AOV_174,3,undirected
PBH_134,AOV_86,4,undirected
PBH_134,PBH_135,3,undirected
PBH_134,PBH_144,3,undirected
PBH_134,PBH_17,2,undirected
PBH_134,PBH_5,2,undirected
PBH_134,PBH_80,3,undirected
PBH_134,unknown_0,3,undirected
PBH_134,unknown_173,2,undirected
PBH_135,AOV_86,1,undirected
PBH_135,HISe_128,2,undirected
PBH_135,PBH_134,3,undirected
PBH_135,PBH_138,1,undirected
PBH_135,PBH_144,3,undirected
PBH_137,PBH_132,1,undirected
PBH_137,PBH_180,3,undirected
PBH_137,PBH_81,2,undirected
PBH_137,unknown_30,2,undirected
PBH_138,PBH_1,3,undirected
PBH_138,PBH_135,1,undirected
PBH_138,PBH_144,2,undirected
PBH_141,AOV_86,2,undirected
PBH_141,PBH_1,1,undirected
PBH_141,PBH_122,3,undirected
PBH_142,PBH_107,2,undirected
PBH_142,PBH_17,3,undirected
PBH_142,PBH_96,1,undirected
PBH_143,PBH_132,2,undirected
PBH_143,PBH_149,6,undirected
PBH_143,PBH_180,2,undirected
PBH_143,unknown_16,1,undirected
PBH_144,HISe_128,3,undirected
PBH_144,PBH_134,3,undirected
PBH_144,PBH_135,3,undirected
PBH_144,PBH_138,2,undirected
PBH_144,PBH_80,2,undirected
PBH_147,AOV_6,2,undirected
PBH_147,AOV_86,1,undirected
PBH_147,PBH_103,3,undirected
PBH_147,unknown_61,2,undirected
PBH_149,PBH_132,2,undirected
PBH_149,PBH_143,6,undirected
PBH_149,PBH_157,5,undirected
PBH_149,PBH_161,2,undirected
PBH_149,PBH_180,2,undirected
PBH_151,HISe_115,2,undirected
PBH_151,HISe_50,3,undirected
PBH_151,PBH_109,1,undirected
PBH_151,PBH_154,4,undirected
PBH_151,PBH_170,2,undirected
PBH_151,unknown_79,2,undirected
PBH_152,AOV_86,1,undirected
PBH_152,HISe_78,3,undirected
PBH_152,PBH_169,6,undirected
PBH_152,PBH_66,1,undirected
PBH_154,HISe_136,1,undirected
PBH_154,HISe_145,1,undirected
PBH_154,HISe_18,2,undirected
PBH_154,HISe_50,1,undirected
PBH_154,HISe_83,1,undirected
PBH_154,HISe_87,1,undirected
PBH_154,PBH_151,4,undirected
PBH_154,PBH_158,6,undirected
PBH_154,PBH_176,4,undirected
PBH_154,PBH_181,1,undirected
PBH_154,PBH_186,1,undirected
PBH_154,unknown_101,3,undirected
PBH_154,unknown_16,3,undirected
PBH_154,unknown_51,2,undirected
PBH_154,unknown_79,1,undirected
PBH_156,HISe_164,3,undirected
PBH_156,PBH_71,2,undirected
PBH_156,PBH_80,1,undirected
PBH_157,PBH_132,2,undirected
PBH_157,PBH_149,5,undirected
PBH_157,PBH_180,1,undirected
PBH_158,AOV_15,1,undirected
PBH_158,HISe_129,1,undirected
PBH_158,PBH_154,6,undirected
PBH_158,PBH_170,2,undirected
PBH_158,PBH_184,1,undirected
PBH_158,PBH_186,2,undirected
PBH_158,unknown_101,2,undirected
PBH_158,unknown_46,3,undirected
PBH_158,unknown_51,3,undirected
PBH_161,AOV_25,2,undirected
PBH_161,PBH_122,1,undirected
PBH_161,PBH_149,2,undirected
PBH_161,PBH_180,6,undirected
PBH_161,unknown_58,2,undirected
PBH_162,HISe_83,3,undirected
PBH_162,PBH_165,3,undirected
PBH_162,PBH_170,5,undirected
PBH_162,PBH_186,1,undirected
PBH_162,unknown_42,3,undirected
PBH_162,unknown_46,1,undirected
PBH_165,AOV_15,3,undirected
PBH_165,HISe_12,1,undirected
PBH_165,HISe_136,3,undirected
PBH_165,HISe_139,1,undirected
PBH_165,HISe_40,1,undirected
PBH_165,HISe_50,2,undirected
PBH_165,HISe_74,2,undirected
PBH_165,PBH_162,3,undirected
PBH_165,PBH_176,3,undirected
PBH_165,PBH_186,5,undirected
PBH_165,unknown_42,2,undirected
PBH_169,AOV_13,1,undirected
PBH_169,AOV_49,1,undirected
PBH_169,AOV_86,2,undirected
PBH_169,HISe_99,1,undirected
PBH_169,PBH_152,6,undirected
PBH_169,PBH_66,2,undirected
PBH_17,AOV_174,2,undirected
PBH_17,AOV_187,2,undirected
PBH_17,AOV_23,3,undirected
PBH_17,AOV_47,3,undirected
PBH_17,AOV_70,1,undirected
PBH_17,AOV_86,5,undirected
PBH_17,AOV_92,1,undirected
PBH_17,HISe_102,2,undirected
PBH_17,HISe_118,2,undirected
PBH_17,HISe_125,2,undirected
PBH_17,PBH_1,6,undirected
PBH_17,PBH_100,2,undirected
PBH_17,PBH_103,1,undirected
PBH_17,PBH_106,1,undirected
PBH_17,PBH_11,1,undirected
PBH_17,PBH_122,1,undirected
PBH_17,PBH_123,1,undirected
PBH_17,PBH_133,3,undirected
PBH_17,PBH_134,2,undirected
PBH_17,PBH_142,3,undirected
PBH_17,PBH_188,3,undirected
PBH_17,PBH_43,3,undirected
PBH_17,PBH_5,4,undirected
PBH_17,PBH_57,3,undirected
PBH_17,PBH_80,3,undirected
PBH_17,PBH_89,2,undirected
PBH_17,PBH_96,1,undirected
PBH_17,unknown_21,3,undirected
PBH_17,unknown_56,2,undirected
PBH_17,unknown_67,3,undirected
PBH_170,AOV_15,2,undirected
PBH_170,HISe_40,2,undirected
PBH_170,HISe_7,3,undirected
PBH_170,HISe_74,3,undirected
PBH_170,PBH_151,2,undirected
PBH_170,PBH_158,2,undirected
PBH_170,PBH_162,5,undirected
PBH_170,PBH_181,6,undirected
PBH_175,HISe_155,1,undirected
PBH_175,HISe_78,2,undirected
PBH_175,PBH_103,3,undirected
PBH_176,HISe_136,2,undirected
PBH_176,PBH_154,4,undirected
PBH_176,PBH_165,3,undirected
PBH_176,PBH_184,2,undirected
PBH_176,PBH_186,6,undirected
PBH_180,PBH_137,3,undirected
PBH_180,PBH_143,2,undirected
PBH_180,PBH_149,2,undirected
PBH_180,PBH_157,1,undirected
PBH_180,PBH_161,6,undirected
PBH_181,HISe_115,3,undirected
PBH_181,HISe_7,2,undirected
PBH_181,PBH_109,2,undirected
PBH_181,PBH_154,1,undirected
PBH_181,PBH_170,6,undirected
PBH_184,PBH_158,1,undirected
PBH_184,PBH_176,2,undirected
PBH_184,PBH_186,3,undirected
PBH_184,unknown_51,1,undirected
PBH_186,HISe_12,3,undirected
PBH_186,HISe_129,2,undirected
PBH_186,HISe_8,3,undirected
PBH_186,PBH_154,1,undirected
PBH_186,PBH_158,2,undirected
PBH_186,PBH_162,1,undirected
PBH_186,PBH_165,5,undirected
PBH_186,PBH_176,6,undirected
PBH_186,PBH_184,3,undirected
PBH_188,AOV_59,1,undirected
PBH_188,HISe_102,3,undirected
PBH_188,HISe_120,3,undirected
PBH_188,HISe_130,1,undirected
PBH_188,PBH_1,1,undirected
PBH_188,PBH_17,3,undirected
PBH_188,PBH_68,1,undirected
PBH_188,PBH_80,2,undirected
PBH_188,unknown_0,2,undirected
PBH_188,unknown_189,1,undirected
PBH_22,AOV_178,1,undirected
PBH_22,PBH_109,1,undirected
PBH_22,PBH_126,2,undirected
PBH_22,PBH_132,2,undirected
PBH_22,PBH_38,5,undirected
PBH_22,unknown_10,3,undirected
PBH_28,HISe_115,3,undirected
PBH_28,HISe_18,2,undirected
PBH_28,unknown_51,1,undirected
PBH_31,PBH_11,2,undirected
PBH_31,PBH_132,3,undirected
PBH_31,PBH_77,3,undirected
PBH_38,AOV_178,2,undirected
PBH_38,PBH_123,1,undirected
PBH_38,PBH_132,3,undirected
PBH_38,PBH_22,5,undirected
PBH_38,unknown_37,1,undirected
PBH_43,PBH_100,1,undirected
PBH_43,PBH_11,2,undirected
PBH_43,PBH_17,3,undirected
PBH_43,unknown_37,2,undirected
PBH_45,HISe_164,1,undirected
PBH_45,PBH_80,3,undirected
PBH_45,PBH_81,2,undirected
PBH_48,PBH_11,1,undirected
PBH_48,PBH_132,2,undirected
PBH_48,PBH_52,3,undirected
PBH_48,unknown_84,1,undirected
PBH_5,PBH_1,1,undirected
PBH_5,PBH_134,2,undirected
PBH_5,PBH_17,4,undirected
PBH_5,unknown_21,1,undirected
PBH_52,PBH_11,2,undirected
PBH_52,PBH_123,1,undirected
PBH_52,PBH_132,3,undirected
PBH_52,PBH_48,3,undirected
PBH_57,HISe_114,1,undirected
PBH_57,PBH_11,1,undirected
PBH_57,PBH_133,1,undirected
PBH_57,PBH_17,3,undirected
PBH_57,PBH_96,2,undirected
PBH_57,unknown_101,1,undirected
PBH_63,PBH_104,1,undirected
PBH_63,PBH_71,3,undirected
PBH_63,PBH_85,2,undirected
PBH_66,AOV_86,3,undirected
PBH_66,PBH_152,1,undirected
PBH_66,PBH_169,2,undirected
PBH_68,PBH_103,2,undirected
PBH_68,PBH_188,1,undirected
PBH_68,PBH_71,3,undirected
PBH_71,HISe_120,2,undirected
PBH_71,PBH_103,2,undirected
PBH_71,PBH_107,1,undirected
PBH_71,PBH_156,2,undirected
PBH_71,PBH_63,3,undirected
PBH_71,PBH_68,3,undirected
PBH_71,PBH_80,3,undirected
PBH_71,PBH_85,2,undirected
PBH_71,PBH_89,1,undirected
PBH_71,PBH_91,3,undirected
PBH_71,unknown_112,2,undirected
PBH_77,PBH_126,1,undirected
PBH_77,PBH_31,3,undirected
PBH_77,PBH_85,5,undirected
PBH_80,AOV_35,1,undirected
PBH_80,HISe_78,2,undirected
PBH_80,PBH_103,4,undirected
PBH_80,PBH_104,3,undirected
PBH_80,PBH_134,3,undirected
PBH_80,PBH_144,2,undirected
PBH_80,PBH_156,1,undirected
PBH_80,PBH_17,3,undirected
PBH_80,PBH_188,2,undirected
PBH_80,PBH_45,3,undirected
PBH_80,PBH_71,3,undirected
PBH_80,PBH_81,1,undirected
PBH_81,AOV_20,1,undirected
PBH_81,AOV_25,3,undirected
PBH_81,HISe_110,1,undirected
PBH_81,HISe_140,2,undirected
PBH_81,HISe_155,5,undirected
PBH_81,HISe_65,3,undirected
PBH_81,PBH_122,5,undirected
PBH_81,PBH_137,2,undirected
PBH_81,PBH_45,2,undirected
PBH_81,PBH_80,1,undirected
PBH_85,HISe_164,6,undirected
PBH_85,PBH_104,1,undirected
PBH_85,PBH_63,2,undirected
PBH_85,PBH_71,2,undirected
PBH_85,PBH_77,5,undirected
PBH_85,PBH_91,2,undirected
PBH_89,HISe_128,1,undirected
PBH_89,PBH_17,2,undirected
PBH_89,PBH_71,1,undirected
PBH_89,PBH_96,3,undirected
PBH_91,HISe_164,1,undirected
PBH_91,PBH_71,3,undirected
PBH_91,PBH_85,2,undirected
PBH_93,AOV_185,2,undirected
PBH_93,AOV_20,3,undirected
PBH_93,AOV_6,1,undirected
PBH_96,HISe_150,1,undirected
PBH_96,HISe_94,2,undirected
PBH_96,PBH_103,5,undirected
PBH_96,PBH_106,2,undirected
PBH_96,PBH_107,4,undirected
PBH_96,PBH_142,1,undirected
PBH_96,PBH_17,1,undirected
PBH_96,PBH_57,2,undirected
PBH_96,PBH_89,3,undirected
PBH_96,unknown_41,3,undirected
unknown_0,PBH_1,1,undirected
unknown_0,PBH_134,3,undirected
unknown_0,PBH_188,2,undirected
unknown_10,AOV_174,1,undirected
unknown_10,AOV_185,2,undirected
unknown_10,PBH_22,3,undirected
unknown_101,HISe_127,2,undirected
unknown_101,PBH_154,3,undirected
unknown_101,PBH_158,2,undirected
unknown_101,PBH_57,1,undirected
unknown_101,unknown_111,1,undirected
unknown_111,HISe_120,3,undirected
unknown_111,HISe_140,2,undirected
unknown_111,unknown_101,1,undirected
unknown_112,AOV_86,1,undirected
unknown_112,HISe_172,5,undirected
unknown_112,PBH_71,2,undirected
unknown_113,AOV_92,3,undirected
unknown_113,PBH_11,1,undirected
unknown_113,PBH_133,2,undirected
unknown_116,unknown_189,2,undirected
unknown_116,unknown_41,1,undirected
unknown_116,unknown_88,3,undirected
unknown_146,HISe_164,3,undirected
unknown_146,PBH_103,2,undirected
unknown_146,unknown_167,1,undirected
unknown_16,HISe_125,2,undirected
unknown_16,PBH_143,1,undirected
unknown_16,PBH_154,3,undirected
unknown_167,HISe_155,2,undirected
unknown_167,HISe_163,3,undirected
unknown_167,HISe_164,3,undirected
unknown_167,PBH_123,1,undirected
unknown_167,unknown_146,1,undirected
unknown_173,AOV_47,3,undirected
unknown_173,HISe_163,1,undirected
unknown_173,PBH_134,2,undirected
unknown_189,HISe_150,2,undirected
unknown_189,HISe_159,3,undirected
unknown_189,PBH_188,1,undirected
unknown_189,unknown_116,2,undirected
unknown_21,PBH_109,2,undirected
unknown_21,PBH_17,3,undirected
unknown_21,PBH_5,1,undirected
unknown_30,AOV_70,3,undirected
unknown_30,PBH_132,1,undirected
unknown_30,PBH_137,2,undirected
unknown_37,PBH_11,3,undirected
unknown_37,PBH_38,1,undirected
unknown_37,PBH_43,2,undirected
unknown_37,unknown_88,1,undirected
unknown_41,PBH_11,2,undirected
unknown_41,PBH_122,1,undirected
unknown_41,PBH_96,3,undirected
unknown_41,unknown_116,1,undirected
unknown_42,AOV_15,1,undirected
unknown_42,PBH_162,3,undirected
unknown_42,PBH_165,2,undirected
unknown_46,HISe_114,2,undirected
unknown_46,PBH_158,3,undirected
unknown_46,PBH_162,1,undirected
unknown_51,PBH_154,2,undirected
unknown_51,PBH_158,3,undirected
unknown_51,PBH_184,1,undirected
unknown_51,PBH_28,1,undirected
unknown_56,AOV_160,3,undirected
unknown_56,AOV_44,1,undirected
unknown_56,PBH_17,2,undirected
unknown_58,HISe_12,1,undirected
unknown_58,HISe_8,3,undirected
unknown_58,PBH_161,2,undirected
unknown_61,PBH_103,3,undirected
unknown_61,PBH_107,1,undirected
unknown_61,PBH_147,2,undirected
unknown_67,AOV_44,1,undirected
unknown_67,HISe_78,2,undirected
unknown_67,PBH_17,3,undirected
unknown_79,HISe_115,3,undirected
unknown_79,PBH_151,2,undirected
unknown_79,PBH_154,1,undirected
unknown_84,HISe_136,2,undirected
unknown_84,HISe_40,3,undirected
unknown_84,PBH_48,1,undirected
unknown_88,HISe_8,3,undirected
unknown_88,PBH_104,2,undirected
unknown_88,unknown_116,3,undirected
unknown_88,unknown_37,1,undirected
